1, 9e-06
2, 9e-06
3, 1e-05
4, 1.5e-05
5, 2e-05
6, 2.3e-05
7, 2.2e-05
8, 2.3e-05
9, 3.2e-05
10, 2.3e-05
11, 2.3e-05
12, 3.5e-05
13, 4.4e-05
14, 3.1e-05
15, 3.7e-05
16, 2.8e-05
17, 2.7e-05
18, 3e-05
19, 2.9e-05
20, 3.3e-05
21, 3e-05
22, 4.3e-05
23, 3e-05
24, 3.3e-05
25, 3.7e-05
26, 3.5e-05
27, 4.4e-05
28, 0.000122
29, 4.3e-05
30, 4.3e-05
31, 5.7e-05
32, 5e-05
33, 4.2e-05
34, 4.1e-05
35, 5e-05
36, 4.9e-05
37, 4.8e-05
38, 4.8e-05
39, 4.4e-05
40, 5.1e-05
41, 5.5e-05
42, 6.2e-05
43, 5.1e-05
44, 5.3e-05
45, 6.4e-05
46, 5.4e-05
47, 6.4e-05
48, 6.3e-05
49, 8.2e-05
50, 6.7e-05
51, 7.4e-05
52, 7.7e-05
53, 6.2e-05
54, 6.5e-05
55, 7.1e-05
56, 6.9e-05
57, 6.8e-05
58, 7.3e-05
59, 7.4e-05
60, 7.3e-05
61, 7.5e-05
62, 8.8e-05
63, 9e-05
64, 8.8e-05
65, 8.2e-05
66, 8.4e-05
67, 9.4e-05
68, 8.4e-05
69, 8.3e-05
70, 8.6e-05
71, 8.7e-05
72, 9e-05
73, 9.3e-05
74, 9.1e-05
75, 9.2e-05
76, 9.4e-05
77, 9.5e-05
78, 0.000105
79, 0.000106
80, 0.00011
81, 0.000107
82, 0.000112
83, 0.000202
84, 0.000109
85, 0.000115
86, 0.000121
87, 0.00012
88, 0.000121
89, 0.000123
90, 0.000129
91, 0.000134
92, 0.000134
93, 0.000135
94, 0.000139
95, 0.000154
96, 0.000152
97, 0.000154
98, 0.000157
99, 0.000145
100, 0.000186
101, 0.00015
102, 0.000153
103, 0.000158
104, 0.00016
105, 0.000164
106, 0.000164
107, 0.000191
108, 0.000225
109, 0.000183
110, 0.000228
111, 0.000184
112, 0.000198
113, 0.000197
114, 0.000223
115, 0.00019
116, 0.000213
117, 0.000218
118, 0.000197
119, 0.000206
120, 0.000201
121, 0.000203
122, 0.000213
123, 0.000297
124, 0.000221
125, 0.000311
126, 0.000242
127, 0.000269
128, 0.000272
129, 0.000315
130, 0.000267
131, 0.000236
132, 0.000303
133, 0.000337
134, 0.000247
135, 0.000362
136, 0.000274
137, 0.000286
138, 0.000272
139, 0.000292
140, 0.000331
141, 0.000258
142, 0.000271
143, 0.000286
144, 0.000284
145, 0.000287
146, 0.000289
147, 0.000304
148, 0.000305
149, 0.000331
150, 0.000408
151, 0.000309
152, 0.000327
153, 0.000354
154, 0.000342
155, 0.000437
156, 0.00032
157, 0.000352
158, 0.00047
159, 0.000401
160, 0.000333
161, 0.000322
162, 0.000455
163, 0.000333
164, 0.000353
165, 0.000357
166, 0.00036
167, 0.000523
168, 0.000352
169, 0.000457
170, 0.000361
171, 0.000516
172, 0.000459
173, 0.000546
174, 0.000431
175, 0.000477
176, 0.000466
177, 0.000393
178, 0.000443
179, 0.000443
180, 0.000402
181, 0.000394
182, 0.000539
183, 0.000459
184, 0.000427
185, 0.000414
186, 0.000415
187, 0.00046
188, 0.00048
189, 0.000576
190, 0.000511
191, 0.000589
192, 0.000566
193, 0.000471
194, 0.000472
195, 0.000459
196, 0.000536
197, 0.00052
198, 0.000489
199, 0.00077
200, 0.000482
201, 0.000613
202, 0.000485
203, 0.00053
204, 0.000536
205, 0.000494
206, 0.000521
207, 0.000535
208, 0.00056
209, 0.000522
210, 0.000532
211, 0.000566
212, 0.000576
213, 0.000563
214, 0.000543
215, 0.000634
216, 0.000747
217, 0.000692
218, 0.000699
219, 0.000584
220, 0.0007
221, 0.000656
222, 0.000573
223, 0.000582
224, 0.000676
225, 0.00063
226, 0.000617
227, 0.000674
228, 0.000605
229, 0.000674
230, 0.000844
231, 0.000711
232, 0.000684
233, 0.000707
234, 0.000706
235, 0.000784
236, 0.000839
237, 0.000863
238, 0.000875
239, 0.000827
240, 0.000678
241, 0.000742
242, 0.000749
243, 0.000843
244, 0.000858
245, 0.000846
246, 0.000878
247, 0.000879
248, 0.000857
249, 0.000763
250, 0.000893
251, 0.000873
252, 0.000914
253, 0.000901
254, 0.000925
255, 0.000929
256, 0.000936
257, 0.000896
258, 0.000979
259, 0.0008
260, 0.001129
261, 0.001075
262, 0.00108
263, 0.001055
264, 0.000857
265, 0.000971
266, 0.000863
267, 0.000982
268, 0.000941
269, 0.00091
270, 0.00087
271, 0.000946
272, 0.001184
273, 0.001134
274, 0.001171
275, 0.001037
276, 0.001191
277, 0.001049
278, 0.0012
279, 0.001122
280, 0.001127
281, 0.001169
282, 0.001148
283, 0.001087
284, 0.001152
285, 0.001244
286, 0.001086
287, 0.001139
288, 0.000975
289, 0.001074
290, 0.001233
291, 0.001243
292, 0.001052
293, 0.001186
294, 0.00127
295, 0.001512
296, 0.001011
297, 0.001258
298, 0.001136
299, 0.001093
300, 0.001119
301, 0.00117
302, 0.001198
303, 0.001152
304, 0.001067
305, 0.001114
306, 0.001214
307, 0.001224
308, 0.001292
309, 0.001122
310, 0.00125
311, 0.00124
312, 0.001377
313, 0.001393
314, 0.001392
315, 0.001246
316, 0.001326
317, 0.001363
318, 0.001418
319, 0.001475
320, 0.001476
321, 0.001179
322, 0.001201
323, 0.001323
324, 0.00128
325, 0.001322
326, 0.00124
327, 0.00125
328, 0.001311
329, 0.001546
330, 0.001241
331, 0.001375
332, 0.001479
333, 0.001288
334, 0.001489
335, 0.001363
336, 0.001344
337, 0.001343
338, 0.001524
339, 0.001539
340, 0.001306
341, 0.001457
342, 0.001479
343, 0.001635
344, 0.001474
345, 0.001562
346, 0.001542
347, 0.00141
348, 0.001386
349, 0.001531
350, 0.001538
351, 0.00162
352, 0.001582
353, 0.00142
354, 0.001576
355, 0.00175
356, 0.001424
357, 0.001583
358, 0.001577
359, 0.00175
360, 0.001801
361, 0.001838
362, 0.001704
363, 0.001518
364, 0.001784
365, 0.001694
366, 0.001512
367, 0.002162
368, 0.001876
369, 0.001814
370, 0.001581
371, 0.002193
372, 0.001942
373, 0.00197
374, 0.001777
375, 0.001775
376, 0.001739
377, 0.001952
378, 0.002011
379, 0.001889
380, 0.001712
381, 0.001638
382, 0.001692
383, 0.002004
384, 0.002062
385, 0.001652
386, 0.001953
387, 0.00196
388, 0.001894
389, 0.002393
390, 0.001756
391, 0.001919
392, 0.002214
393, 0.001717
394, 0.001803
395, 0.001986
396, 0.001918
397, 0.002078
398, 0.001993
399, 0.002028
400, 0.001783
401, 0.002145
402, 0.002122
403, 0.001887
404, 0.001933
405, 0.00195
406, 0.001886
407, 0.002095
408, 0.00185
409, 0.00211
410, 0.002054
411, 0.001894
412, 0.002146
413, 0.001922
414, 0.002252
415, 0.002097
416, 0.002102
417, 0.002205
418, 0.002257
419, 0.002189
420, 0.00206
421, 0.002422
422, 0.002499
423, 0.002132
424, 0.002691
425, 0.002413
426, 0.003029
427, 0.002134
428, 0.002046
429, 0.002443
430, 0.002097
431, 0.002204
432, 0.002733
433, 0.002749
434, 0.002111
435, 0.0022
436, 0.002381
437, 0.002201
438, 0.002117
439, 0.002785
440, 0.00278
441, 0.002311
442, 0.00227
443, 0.002422
444, 0.002241
445, 0.003362
446, 0.002497
447, 0.002394
448, 0.002644
449, 0.002544
450, 0.002647
451, 0.002362
452, 0.002396
453, 0.002346
454, 0.002313
455, 0.002436
456, 0.0028
457, 0.002966
458, 0.002388
459, 0.002648
460, 0.002734
461, 0.002505
462, 0.002739
463, 0.002469
464, 0.002409
465, 0.003143
466, 0.002551
467, 0.003429
468, 0.002657
469, 0.002732
470, 0.003026
471, 0.003008
472, 0.003027
473, 0.003183
474, 0.00269
475, 0.002975
476, 0.002727
477, 0.002974
478, 0.002962
479, 0.002669
480, 0.002929
481, 0.002752
482, 0.002766
483, 0.003555
484, 0.002747
485, 0.002732
486, 0.003701
487, 0.002759
488, 0.002859
489, 0.002987
490, 0.002806
491, 0.003101
492, 0.003602
493, 0.003058
494, 0.003441
495, 0.003274
496, 0.003427
497, 0.00277
498, 0.003062
499, 0.003184
500, 0.002931
501, 0.002974
502, 0.002946
503, 0.00302
504, 0.003013
505, 0.002955
506, 0.003052
507, 0.003029
508, 0.003081
509, 0.003032
510, 0.003087
511, 0.00309
512, 0.003113
513, 0.003139
514, 0.003386
515, 0.003341
516, 0.003182
517, 0.003405
518, 0.003187
519, 0.003766
520, 0.003254
521, 0.003428
522, 0.003602
523, 0.003228
524, 0.003143
525, 0.003174
526, 0.0032
527, 0.003772
528, 0.003707
529, 0.003736
530, 0.003303
531, 0.003452
532, 0.00359
533, 0.003588
534, 0.003743
535, 0.003479
536, 0.003417
537, 0.003584
538, 0.003939
539, 0.004094
540, 0.003364
541, 0.003331
542, 0.003797
543, 0.004096
544, 0.003928
545, 0.003735
546, 0.003796
547, 0.004028
548, 0.00407
549, 0.003662
550, 0.003444
551, 0.004342
552, 0.003622
553, 0.003849
554, 0.003717
555, 0.003528
556, 0.003659
557, 0.003883
558, 0.003997
559, 0.003587
560, 0.004136
561, 0.004851
562, 0.003785
563, 0.003744
564, 0.003718
565, 0.004106
566, 0.004201
567, 0.004226
568, 0.004154
569, 0.004394
570, 0.004503
571, 0.004386
572, 0.00435
573, 0.005007
574, 0.004224
575, 0.003983
576, 0.004205
577, 0.004169
578, 0.004168
579, 0.004458
580, 0.004105
581, 0.003996
582, 0.004569
583, 0.004509
584, 0.004393
585, 0.004277
586, 0.00404
587, 0.004151
588, 0.005197
589, 0.004575
590, 0.004087
591, 0.004492
592, 0.004496
593, 0.004323
594, 0.004746
595, 0.004469
596, 0.004529
597, 0.004383
598, 0.004346
599, 0.004319
600, 0.004561
601, 0.004661
602, 0.004213
603, 0.00459
604, 0.004718
605, 0.004183
606, 0.004604
607, 0.004111
608, 0.004144
609, 0.00411
610, 0.004228
611, 0.004439
612, 0.004348
613, 0.004791
614, 0.004725
615, 0.00466
616, 0.004413
617, 0.004608
618, 0.00444
619, 0.004831
620, 0.004527
621, 0.004168
622, 0.004621
623, 0.004325
624, 0.004272
625, 0.004397
626, 0.004865
627, 0.004711
628, 0.005078
629, 0.004859
630, 0.004942
631, 0.004756
632, 0.005164
633, 0.005053
634, 0.004548
635, 0.004758
636, 0.00467
637, 0.004817
638, 0.004749
639, 0.004799
640, 0.004889
641, 0.005469
642, 0.005034
643, 0.004844
644, 0.004787
645, 0.004845
646, 0.005231
647, 0.005202
648, 0.004879
649, 0.004912
650, 0.004989
651, 0.005072
652, 0.005223
653, 0.00527
654, 0.004959
655, 0.005284
656, 0.004891
657, 0.004737
658, 0.004691
659, 0.005049
660, 0.005026
661, 0.004912
662, 0.005386
663, 0.005191
664, 0.004926
665, 0.005275
666, 0.005484
667, 0.004962
668, 0.005054
669, 0.005376
670, 0.005384
671, 0.005408
672, 0.005514
673, 0.005539
674, 0.005819
675, 0.005572
676, 0.005622
677, 0.005329
678, 0.005151
679, 0.005701
680, 0.005245
681, 0.005153
682, 0.005208
683, 0.005814
684, 0.005928
685, 0.005973
686, 0.005634
687, 0.005952
688, 0.005251
689, 0.005258
690, 0.006612
691, 0.005161
692, 0.005582
693, 0.005611
694, 0.005609
695, 0.00581
696, 0.005669
697, 0.005852
698, 0.005958
699, 0.005724
700, 0.005821
701, 0.006484
702, 0.006059
703, 0.006135
704, 0.005526
705, 0.00536
706, 0.005918
707, 0.005417
708, 0.005974
709, 0.006216
710, 0.005947
711, 0.006205
712, 0.005606
713, 0.006117
714, 0.006068
715, 0.006036
716, 0.005629
717, 0.005753
718, 0.005586
719, 0.006183
720, 0.00572
721, 0.006116
722, 0.006172
723, 0.00593
724, 0.00635
725, 0.006097
726, 0.006481
727, 0.006281
728, 0.006124
729, 0.006347
730, 0.005928
731, 0.006685
732, 0.006066
733, 0.006042
734, 0.006553
735, 0.005806
736, 0.005911
737, 0.005804
738, 0.006025
739, 0.006116
740, 0.005917
741, 0.006466
742, 0.006754
743, 0.006766
744, 0.006573
745, 0.006616
746, 0.006036
747, 0.00681
748, 0.006784
749, 0.006268
750, 0.006925
751, 0.006436
752, 0.006549
753, 0.006734
754, 0.006595
755, 0.006684
756, 0.00629
757, 0.006657
758, 0.006254
759, 0.007053
760, 0.006395
761, 0.006706
762, 0.00705
763, 0.006838
764, 0.006602
765, 0.006418
766, 0.006863
767, 0.007159
768, 0.006631
769, 0.006651
770, 0.006676
771, 0.006821
772, 0.006639
773, 0.007059
774, 0.006881
775, 0.00704
776, 0.006704
777, 0.00681
778, 0.007314
779, 0.006787
780, 0.006671
781, 0.00674
782, 0.006769
783, 0.00745
784, 0.006719
785, 0.006623
786, 0.007082
787, 0.007773
788, 0.007031
789, 0.007106
790, 0.006794
791, 0.006873
792, 0.007725
793, 0.007091
794, 0.007352
795, 0.0073
796, 0.008184
797, 0.007468
798, 0.007068
799, 0.007186
800, 0.008227
801, 0.007119
802, 0.007504
803, 0.007299
804, 0.007574
805, 0.007128
806, 0.007661
807, 0.008505
808, 0.007532
809, 0.008091
810, 0.007776
811, 0.007755
812, 0.007653
813, 0.007771
814, 0.007246
815, 0.00746
816, 0.008837
817, 0.007567
818, 0.008066
819, 0.008342
820, 0.008897
821, 0.008465
822, 0.008135
823, 0.008255
824, 0.008902
825, 0.008244
826, 0.007275
827, 0.008678
828, 0.007663
829, 0.008363
830, 0.007855
831, 0.008104
832, 0.0078
833, 0.007519
834, 0.008735
835, 0.007894
836, 0.008337
837, 0.007807
838, 0.007846
839, 0.00759
840, 0.007894
841, 0.008035
842, 0.008322
843, 0.008308
844, 0.007923
845, 0.007905
846, 0.007742
847, 0.008086
848, 0.008708
849, 0.007959
850, 0.008697
851, 0.008303
852, 0.008206
853, 0.008137
854, 0.008347
855, 0.008224
856, 0.008465
857, 0.008477
858, 0.008087
859, 0.009254
860, 0.008146
861, 0.00839
862, 0.008485
863, 0.008534
864, 0.008524
865, 0.008737
866, 0.009111
867, 0.009387
868, 0.009185
869, 0.009322
870, 0.009298
871, 0.008898
872, 0.008801
873, 0.009313
874, 0.008623
875, 0.009299
876, 0.008867
877, 0.008791
878, 0.008712
879, 0.008793
880, 0.009297
881, 0.008647
882, 0.008604
883, 0.008463
884, 0.008853
885, 0.008832
886, 0.009415
887, 0.008616
888, 0.009226
889, 0.008491
890, 0.008808
891, 0.009182
892, 0.009048
893, 0.008527
894, 0.009065
895, 0.00898
896, 0.00859
897, 0.009809
898, 0.009045
899, 0.009903
900, 0.009539
901, 0.00919
902, 0.008888
903, 0.009455
904, 0.009365
905, 0.009146
906, 0.009314
907, 0.010802
908, 0.009007
909, 0.009339
910, 0.009274
911, 0.009521
912, 0.009974
913, 0.009438
914, 0.010224
915, 0.009097
916, 0.009268
917, 0.00982
918, 0.009731
919, 0.010121
920, 0.009302
921, 0.00973
922, 0.009508
923, 0.010546
924, 0.009425
925, 0.011098
926, 0.010413
927, 0.009371
928, 0.011257
929, 0.010326
930, 0.010577
931, 0.010519
932, 0.010577
933, 0.010166
934, 0.010285
935, 0.010276
936, 0.010751
937, 0.009629
938, 0.011012
939, 0.010205
940, 0.01026
941, 0.010083
942, 0.01026
943, 0.0097
944, 0.009564
945, 0.00964
946, 0.010192
947, 0.010125
948, 0.010378
949, 0.010042
950, 0.009996
951, 0.009768
952, 0.010323
953, 0.010299
954, 0.009945
955, 0.010304
956, 0.010005
957, 0.011381
958, 0.011627
959, 0.010813
960, 0.011304
961, 0.01034
962, 0.010058
963, 0.010387
964, 0.011053
965, 0.010815
966, 0.01044
967, 0.0111
968, 0.01039
969, 0.011933
970, 0.011147
971, 0.010525
972, 0.010761
973, 0.011061
974, 0.010489
975, 0.010709
976, 0.010612
977, 0.011233
978, 0.011362
979, 0.011018
980, 0.011064
981, 0.010648
982, 0.010699
983, 0.011044
984, 0.010725
985, 0.010743
986, 0.01112
987, 0.010415
988, 0.012264
989, 0.011986
990, 0.011238
991, 0.01099
992, 0.011187
993, 0.011234
994, 0.010657
995, 0.011276
996, 0.011025
997, 0.011143
998, 0.010939
999, 0.0114
1000, 0.01141
1001, 0.011716
1002, 0.011386
1003, 0.011374
1004, 0.011741
1005, 0.011187
1006, 0.011577
1007, 0.01192
1008, 0.011487
1009, 0.011378
1010, 0.0115
1011, 0.011869
1012, 0.011452
1013, 0.011904
1014, 0.011572
1015, 0.01105
1016, 0.011493
1017, 0.012096
1018, 0.013125
1019, 0.012179
1020, 0.012142
1021, 0.01163
1022, 0.012595
1023, 0.012725
1024, 0.012236
1025, 0.012864
1026, 0.011743
1027, 0.012676
1028, 0.012522
1029, 0.012371
1030, 0.012776
1031, 0.011461
1032, 0.0116
1033, 0.014008
1034, 0.011926
1035, 0.011548
1036, 0.012246
1037, 0.013464
1038, 0.012806
1039, 0.01311
1040, 0.01328
1041, 0.012195
1042, 0.011991
1043, 0.012139
1044, 0.012771
1045, 0.012646
1046, 0.011921
1047, 0.012198
1048, 0.012492
1049, 0.012798
1050, 0.011796
1051, 0.012262
1052, 0.012977
1053, 0.011937
1054, 0.011978
1055, 0.012695
1056, 0.012709
1057, 0.013631
1058, 0.012447
1059, 0.013449
1060, 0.012388
1061, 0.013282
1062, 0.013354
1063, 0.012977
1064, 0.014172
1065, 0.013716
1066, 0.013017
1067, 0.013109
1068, 0.01376
1069, 0.013255
1070, 0.013175
1071, 0.012485
1072, 0.013563
1073, 0.013924
1074, 0.013178
1075, 0.012445
1076, 0.013003
1077, 0.012752
1078, 0.012665
1079, 0.012876
1080, 0.012425
1081, 0.013589
1082, 0.013147
1083, 0.014617
1084, 0.013083
1085, 0.013553
1086, 0.013571
1087, 0.013337
1088, 0.013188
1089, 0.013797
1090, 0.013697
1091, 0.013628
1092, 0.013337
1093, 0.013185
1094, 0.013475
1095, 0.013922
1096, 0.013453
1097, 0.013226
1098, 0.013978
1099, 0.013463
1100, 0.013896
1101, 0.013238
1102, 0.013988
1103, 0.014126
1104, 0.013497
1105, 0.015144
1106, 0.013464
1107, 0.01416
1108, 0.013543
1109, 0.014457
1110, 0.013232
1111, 0.013884
1112, 0.01314
1113, 0.014889
1114, 0.01441
1115, 0.013875
1116, 0.013801
1117, 0.016062
1118, 0.015056
1119, 0.014445
1120, 0.014118
1121, 0.014494
1122, 0.014304
1123, 0.014537
1124, 0.013909
1125, 0.014385
1126, 0.01444
1127, 0.014052
1128, 0.013887
1129, 0.014215
1130, 0.014033
1131, 0.014222
1132, 0.015042
1133, 0.015546
1134, 0.015293
1135, 0.014665
1136, 0.014108
1137, 0.014567
1138, 0.014107
1139, 0.014356
1140, 0.015147
1141, 0.015671
1142, 0.014246
1143, 0.014823
1144, 0.014937
1145, 0.014759
1146, 0.015927
1147, 0.015443
1148, 0.015659
1149, 0.01513
1150, 0.014671
1151, 0.014792
1152, 0.014992
1153, 0.015141
1154, 0.014424
1155, 0.01551
1156, 0.014944
1157, 0.014254
1158, 0.015397
1159, 0.015639
1160, 0.014909
1161, 0.014924
1162, 0.014771
1163, 0.015464
1164, 0.016967
1165, 0.015184
1166, 0.01511
1167, 0.016231
1168, 0.015007
1169, 0.015225
1170, 0.016324
1171, 0.015364
1172, 0.01655
1173, 0.014709
1174, 0.015606
1175, 0.0164
1176, 0.015454
1177, 0.015388
1178, 0.015293
1179, 0.01557
1180, 0.014977
1181, 0.015513
1182, 0.015339
1183, 0.016175
1184, 0.016106
1185, 0.016805
1186, 0.015817
1187, 0.015712
1188, 0.01528
1189, 0.015328
1190, 0.015603
1191, 0.018287
1192, 0.015727
1193, 0.016921
1194, 0.016032
1195, 0.015787
1196, 0.01594
1197, 0.01633
1198, 0.015553
1199, 0.015669
1200, 0.016963
1201, 0.016973
1202, 0.017782
1203, 0.016948
1204, 0.015898
1205, 0.015941
1206, 0.016637
1207, 0.016581
1208, 0.016161
1209, 0.017794
1210, 0.01644
1211, 0.016304
1212, 0.016674
1213, 0.015876
1214, 0.016121
1215, 0.016419
1216, 0.016811
1217, 0.016308
1218, 0.016618
1219, 0.0169
1220, 0.017285
1221, 0.018432
1222, 0.016569
1223, 0.016452
1224, 0.016274
1225, 0.016083
1226, 0.016907
1227, 0.016943
1228, 0.01661
1229, 0.016663
1230, 0.017593
1231, 0.016684
1232, 0.018397
1233, 0.017304
1234, 0.016874
1235, 0.017817
1236, 0.018038
1237, 0.016916
1238, 0.017082
1239, 0.016496
1240, 0.016938
1241, 0.017288
1242, 0.017234
1243, 0.018804
1244, 0.018857
1245, 0.016857
1246, 0.017013
1247, 0.017176
1248, 0.019609
1249, 0.01664
1250, 0.017474
1251, 0.019168
1252, 0.018074
1253, 0.017704
1254, 0.017184
1255, 0.017048
1256, 0.017308
1257, 0.017476
1258, 0.019346
1259, 0.018915
1260, 0.017611
1261, 0.01771
1262, 0.0176
1263, 0.017393
1264, 0.017532
1265, 0.017516
1266, 0.017557
1267, 0.017348
1268, 0.017692
1269, 0.017228
1270, 0.018392
1271, 0.018634
1272, 0.018646
1273, 0.017725
1274, 0.017459
1275, 0.017454
1276, 0.01857
1277, 0.017392
1278, 0.018297
1279, 0.019362
1280, 0.019795
1281, 0.01787
1282, 0.018894
1283, 0.020285
1284, 0.018129
1285, 0.018166
1286, 0.018675
1287, 0.018285
1288, 0.018274
1289, 0.017864
1290, 0.018239
1291, 0.018458
1292, 0.018553
1293, 0.018324
1294, 0.019119
1295, 0.017857
1296, 0.018763
1297, 0.018618
1298, 0.018493
1299, 0.01876
1300, 0.018925
1301, 0.018647
1302, 0.018759
1303, 0.018774
1304, 0.018009
1305, 0.020188
1306, 0.019114
1307, 0.019063
1308, 0.018271
1309, 0.019275
1310, 0.01965
1311, 0.018839
1312, 0.0197
1313, 0.018545
1314, 0.019504
1315, 0.019423
1316, 0.019599
1317, 0.019788
1318, 0.020996
1319, 0.0205
1320, 0.019276
1321, 0.019877
1322, 0.019437
1323, 0.019015
1324, 0.01922
1325, 0.019276
1326, 0.020537
1327, 0.019736
1328, 0.019506
1329, 0.020078
1330, 0.019066
1331, 0.019195
1332, 0.019749
1333, 0.019731
1334, 0.020712
1335, 0.020422
1336, 0.019345
1337, 0.020609
1338, 0.025209
1339, 0.019584
1340, 0.019924
1341, 0.019953
1342, 0.020438
1343, 0.021083
1344, 0.021575
1345, 0.019879
1346, 0.0209
1347, 0.019498
1348, 0.020356
1349, 0.02052
1350, 0.020024
1351, 0.019617
1352, 0.019965
1353, 0.020585
1354, 0.019831
1355, 0.021409
1356, 0.020098
1357, 0.020486
1358, 0.019848
1359, 0.020276
1360, 0.020561
1361, 0.020604
1362, 0.020427
1363, 0.020961
1364, 0.019923
1365, 0.020942
1366, 0.0217
1367, 0.020332
1368, 0.021977
1369, 0.022657
1370, 0.020911
1371, 0.020738
1372, 0.020712
1373, 0.020513
1374, 0.020328
1375, 0.021327
1376, 0.022133
1377, 0.020204
1378, 0.022377
1379, 0.021242
1380, 0.020886
1381, 0.020321
1382, 0.021851
1383, 0.021466
1384, 0.020622
1385, 0.020811
1386, 0.021725
1387, 0.020712
1388, 0.020875
1389, 0.020787
1390, 0.021643
1391, 0.021487
1392, 0.022773
1393, 0.021849
1394, 0.02096
1395, 0.021817
1396, 0.022894
1397, 0.021005
1398, 0.022039
1399, 0.022629
1400, 0.020865
1401, 0.021549
1402, 0.021745
1403, 0.022158
1404, 0.02164
1405, 0.022595
1406, 0.021527
1407, 0.021249
1408, 0.023426
1409, 0.022882
1410, 0.021472
1411, 0.021822
1412, 0.021895
1413, 0.021636
1414, 0.021332
1415, 0.021862
1416, 0.021933
1417, 0.021534
1418, 0.023263
1419, 0.021695
1420, 0.021554
1421, 0.021815
1422, 0.022656
1423, 0.022624
1424, 0.022752
1425, 0.02218
1426, 0.02305
1427, 0.023449
1428, 0.022685
1429, 0.021869
1430, 0.022495
1431, 0.021911
1432, 0.023164
1433, 0.0236
1434, 0.022793
1435, 0.022603
1436, 0.022964
1437, 0.022172
1438, 0.022241
1439, 0.025019
1440, 0.02308
1441, 0.023213
1442, 0.022299
1443, 0.023387
1444, 0.024225
1445, 0.023432
1446, 0.022919
1447, 0.022271
1448, 0.022694
1449, 0.023157
1450, 0.023493
1451, 0.023717
1452, 0.022958
1453, 0.023465
1454, 0.023327
1455, 0.024066
1456, 0.025137
1457, 0.024147
1458, 0.023895
1459, 0.023863
1460, 0.023292
1461, 0.02362
1462, 0.022864
1463, 0.024917
1464, 0.024149
1465, 0.023557
1466, 0.023834
1467, 0.024821
1468, 0.024598
1469, 0.023778
1470, 0.023552
1471, 0.022968
1472, 0.023963
1473, 0.024594
1474, 0.024567
1475, 0.023705
1476, 0.024234
1477, 0.024121
1478, 0.023584
1479, 0.024687
1480, 0.023606
1481, 0.024488
1482, 0.024628
1483, 0.024333
1484, 0.025762
1485, 0.023755
1486, 0.025291
1487, 0.024372
1488, 0.024281
1489, 0.024797
1490, 0.024143
1491, 0.023675
1492, 0.024358
1493, 0.024747
1494, 0.024173
1495, 0.024034
1496, 0.025735
1497, 0.024091
1498, 0.025137
1499, 0.024386
1500, 0.02446
1501, 0.025281
1502, 0.0248
1503, 0.023993
1504, 0.024404
1505, 0.024391
1506, 0.024425
1507, 0.02508
1508, 0.025232
1509, 0.028151
1510, 0.02648
1511, 0.024547
1512, 0.026501
1513, 0.025438
1514, 0.025011
1515, 0.026695
1516, 0.025595
1517, 0.025315
1518, 0.027143
1519, 0.02542
1520, 0.025416
1521, 0.025574
1522, 0.025976
1523, 0.025495
1524, 0.025455
1525, 0.025418
1526, 0.02464
1527, 0.025591
1528, 0.025342
1529, 0.024766
1530, 0.025536
1531, 0.026407
1532, 0.026417
1533, 0.025659
1534, 0.025419
1535, 0.026816
1536, 0.025801
1537, 0.026491
1538, 0.026051
1539, 0.025754
1540, 0.02616
1541, 0.02673
1542, 0.026084
1543, 0.026528
1544, 0.027083
1545, 0.025329
1546, 0.02665
1547, 0.026302
1548, 0.026702
1549, 0.02706
1550, 0.025863
1551, 0.026996
1552, 0.026164
1553, 0.027546
1554, 0.026594
1555, 0.026467
1556, 0.026506
1557, 0.026571
1558, 0.02661
1559, 0.027854
1560, 0.028212
1561, 0.027291
1562, 0.028656
1563, 0.026484
1564, 0.02701
1565, 0.027692
1566, 0.026804
1567, 0.026915
1568, 0.026174
1569, 0.027708
1570, 0.027952
1571, 0.027405
1572, 0.026759
1573, 0.027437
1574, 0.027322
1575, 0.027335
1576, 0.026533
1577, 0.026371
1578, 0.026939
1579, 0.028168
1580, 0.026569
1581, 0.027275
1582, 0.026614
1583, 0.027177
1584, 0.027096
1585, 0.026985
1586, 0.028142
1587, 0.026811
1588, 0.027556
1589, 0.027141
1590, 0.026739
1591, 0.027136
1592, 0.027262
1593, 0.027572
1594, 0.028307
1595, 0.029162
1596, 0.028629
1597, 0.028613
1598, 0.029414
1599, 0.029513
1600, 0.028513
1601, 0.029869
1602, 0.029008
1603, 0.028797
1604, 0.028791
1605, 0.028441
1606, 0.028317
1607, 0.028514
1608, 0.028089
1609, 0.029078
1610, 0.027829
1611, 0.029004
1612, 0.029897
1613, 0.029269
1614, 0.02816
1615, 0.028924
1616, 0.029235
1617, 0.029362
1618, 0.02936
1619, 0.02877
1620, 0.029124
1621, 0.028738
1622, 0.030114
1623, 0.028123
1624, 0.029296
1625, 0.030864
1626, 0.030455
1627, 0.029489
1628, 0.028819
1629, 0.029084
1630, 0.02965
1631, 0.030098
1632, 0.029048
1633, 0.029195
1634, 0.030143
1635, 0.028282
1636, 0.029935
1637, 0.030342
1638, 0.030134
1639, 0.02869
1640, 0.029364
1641, 0.028587
1642, 0.028927
1643, 0.028762
1644, 0.029507
1645, 0.029432
1646, 0.029172
1647, 0.03015
1648, 0.029517
1649, 0.029197
1650, 0.031223
1651, 0.02983
1652, 0.030962
1653, 0.030695
1654, 0.0319
1655, 0.029393
1656, 0.029497
1657, 0.029965
1658, 0.032392
1659, 0.029898
1660, 0.031662
1661, 0.031803
1662, 0.029978
1663, 0.03059
1664, 0.030059
1665, 0.030296
1666, 0.030611
1667, 0.030277
1668, 0.030679
1669, 0.031232
1670, 0.031005
1671, 0.032419
1672, 0.031289
1673, 0.031959
1674, 0.030025
1675, 0.029859
1676, 0.031524
1677, 0.030161
1678, 0.030255
1679, 0.029957
1680, 0.032643
1681, 0.031194
1682, 0.032828
1683, 0.030842
1684, 0.031676
1685, 0.031733
1686, 0.030502
1687, 0.031131
1688, 0.03202
1689, 0.031358
1690, 0.032663
1691, 0.031117
1692, 0.031338
1693, 0.033431
1694, 0.031327
1695, 0.031887
1696, 0.030812
1697, 0.032775
1698, 0.033228
1699, 0.031594
1700, 0.032121
1701, 0.031267
1702, 0.031475
1703, 0.031346
1704, 0.032907
1705, 0.031502
1706, 0.031205
1707, 0.032205
1708, 0.032951
1709, 0.033486
1710, 0.031808
1711, 0.031827
1712, 0.031205
1713, 0.033739
1714, 0.031634
1715, 0.034264
1716, 0.032124
1717, 0.032604
1718, 0.032026
1719, 0.033615
1720, 0.03208
1721, 0.033475
1722, 0.032325
1723, 0.034502
1724, 0.033631
1725, 0.032369
1726, 0.032885
1727, 0.034651
1728, 0.032348
1729, 0.03432
1730, 0.03354
1731, 0.033786
1732, 0.033049
1733, 0.033014
1734, 0.032769
1735, 0.034196
1736, 0.033537
1737, 0.032923
1738, 0.033693
1739, 0.034526
1740, 0.033134
1741, 0.033676
1742, 0.034042
1743, 0.033607
1744, 0.033556
1745, 0.033388
1746, 0.034144
1747, 0.03356
1748, 0.034027
1749, 0.034111
1750, 0.034848
1751, 0.033325
1752, 0.034579
1753, 0.035386
1754, 0.034691
1755, 0.033847
1756, 0.035161
1757, 0.034084
1758, 0.033101
1759, 0.0335
1760, 0.034123
1761, 0.036127
1762, 0.033908
1763, 0.034302
1764, 0.033839
1765, 0.033833
1766, 0.034224
1767, 0.035668
1768, 0.034544
1769, 0.035451
1770, 0.034929
1771, 0.034281
1772, 0.034487
1773, 0.03326
1774, 0.033881
1775, 0.034706
1776, 0.036509
1777, 0.035208
1778, 0.034542
1779, 0.034749
1780, 0.033949
1781, 0.034036
1782, 0.033965
1783, 0.036744
1784, 0.035541
1785, 0.034728
1786, 0.034013
1787, 0.035287
1788, 0.034529
1789, 0.033754
1790, 0.033924
1791, 0.034417
1792, 0.034992
1793, 0.03472
1794, 0.034008
1795, 0.036434
1796, 0.034865
1797, 0.03422
1798, 0.034258
1799, 0.035605
1800, 0.03426
1801, 0.035674
1802, 0.034687
1803, 0.034369
1804, 0.035215
1805, 0.03455
1806, 0.036645
1807, 0.035672
1808, 0.034997
1809, 0.037291
1810, 0.036107
1811, 0.03623
1812, 0.037493
1813, 0.0364
1814, 0.037043
1815, 0.036835
1816, 0.036181
1817, 0.036249
1818, 0.037281
1819, 0.038262
1820, 0.035559
1821, 0.035648
1822, 0.035707
1823, 0.036825
1824, 0.035045
1825, 0.035106
1826, 0.035233
1827, 0.035786
1828, 0.036294
1829, 0.036218
1830, 0.036436
1831, 0.036193
1832, 0.035632
1833, 0.035444
1834, 0.036043
1835, 0.036112
1836, 0.035646
1837, 0.035662
1838, 0.035892
1839, 0.037666
1840, 0.036965
1841, 0.037083
1842, 0.038649
1843, 0.037302
1844, 0.037317
1845, 0.036994
1846, 0.056414
1847, 0.037567
1848, 0.037249
1849, 0.039689
1850, 0.038436
1851, 0.038618
1852, 0.039071
1853, 0.037511
1854, 0.038988
1855, 0.037316
1856, 0.039611
1857, 0.038731
1858, 0.037916
1859, 0.037854
1860, 0.039919
1861, 0.03856
1862, 0.039408
1863, 0.038578
1864, 0.03859
1865, 0.038555
1866, 0.039093
1867, 0.038088
1868, 0.03957
1869, 0.038079
1870, 0.039257
1871, 0.039881
1872, 0.038599
1873, 0.038723
1874, 0.037728
1875, 0.039305
1876, 0.038214
1877, 0.038637
1878, 0.039783
1879, 0.038399
1880, 0.04119
1881, 0.039952
1882, 0.039699
1883, 0.038102
1884, 0.039073
1885, 0.038954
1886, 0.039292
1887, 0.039818
1888, 0.03932
1889, 0.039743
1890, 0.039657
1891, 0.03925
1892, 0.0437
1893, 0.037936
1894, 0.038538
1895, 0.038542
1896, 0.038599
1897, 0.058829
1898, 0.037972
1899, 0.038256
1900, 0.039627
1901, 0.03869
1902, 0.038802
1903, 0.038736
1904, 0.040939
1905, 0.040643
1906, 0.039575
1907, 0.038398
1908, 0.040144
1909, 0.040457
1910, 0.040353
1911, 0.04069
1912, 0.040265
1913, 0.040797
1914, 0.042153
1915, 0.039812
1916, 0.040747
1917, 0.03915
1918, 0.041557
1919, 0.040963
1920, 0.042158
1921, 0.040759
1922, 0.041549
1923, 0.040238
1924, 0.041377
1925, 0.041125
1926, 0.041629
1927, 0.040923
1928, 0.041218
1929, 0.04034
1930, 0.040475
1931, 0.03977
1932, 0.041847
1933, 0.041984
1934, 0.041071
1935, 0.041786
1936, 0.04103
1937, 0.042225
1938, 0.042297
1939, 0.041943
1940, 0.042789
1941, 0.041497
1942, 0.040615
1943, 0.042546
1944, 0.041618
1945, 0.04292
1946, 0.042484
1947, 0.041252
1948, 0.040154
1949, 0.041016
1950, 0.04265
1951, 0.042465
1952, 0.042421
1953, 0.040823
1954, 0.040466
1955, 0.042727
1956, 0.04057
1957, 0.040706
1958, 0.042687
1959, 0.041177
1960, 0.040456
1961, 0.041126
1962, 0.040676
1963, 0.04097
1964, 0.040703
1965, 0.041407
1966, 0.042359
1967, 0.041296
1968, 0.042605
1969, 0.041001
1970, 0.042709
1971, 0.041245
1972, 0.041972
1973, 0.041909
1974, 0.042472
1975, 0.042182
1976, 0.04366
1977, 0.041422
1978, 0.041118
1979, 0.043397
1980, 0.042793
1981, 0.043752
1982, 0.041882
1983, 0.043339
1984, 0.043246
1985, 0.043175
1986, 0.042611
1987, 0.043785
1988, 0.043094
1989, 0.04352
1990, 0.0441
1991, 0.043361
1992, 0.04578
1993, 0.045748
1994, 0.04579
1995, 0.044961
1996, 0.043431
1997, 0.042857
1998, 0.042316
1999, 0.043675
2000, 0.042275
2001, 0.042894
2002, 0.043832
2003, 0.04256
2004, 0.043146
2005, 0.044866
2006, 0.042637
2007, 0.042423
2008, 0.045057
2009, 0.045272
2010, 0.043203
2011, 0.04291
2012, 0.043299
2013, 0.045054
2014, 0.044086
2015, 0.044115
2016, 0.044735
2017, 0.044435
2018, 0.044255
2019, 0.046419
2020, 0.047205
2021, 0.045204
2022, 0.044071
2023, 0.047316
2024, 0.044167
2025, 0.044354
2026, 0.045769
2027, 0.04446
2028, 0.047332
2029, 0.043696
2030, 0.046863
2031, 0.04454
2032, 0.045038
2033, 0.045242
2034, 0.046347
2035, 0.044361
2036, 0.04575
2037, 0.045569
2038, 0.045209
2039, 0.045541
2040, 0.045016
2041, 0.046184
2042, 0.047465
2043, 0.046569
2044, 0.045421
2045, 0.045514
2046, 0.047504
2047, 0.046207
2048, 0.046931
2049, 0.046934
2050, 0.048816
2051, 0.048056
2052, 0.046057
2053, 0.046955
2054, 0.046688
2055, 0.049062
2056, 0.047581
2057, 0.048351
2058, 0.046523
2059, 0.047854
2060, 0.046002
2061, 0.046839
2062, 0.04757
2063, 0.047479
2064, 0.046141
2065, 0.047333
2066, 0.046457
2067, 0.046606
2068, 0.046268
2069, 0.047449
2070, 0.047971
2071, 0.047768
2072, 0.047499
2073, 0.047783
2074, 0.048684
2075, 0.04699
2076, 0.047027
2077, 0.048814
2078, 0.047464
2079, 0.047973
2080, 0.047548
2081, 0.047863
2082, 0.047659
2083, 0.048031
2084, 0.049109
2085, 0.049188
2086, 0.047356
2087, 0.04821
2088, 0.048595
2089, 0.048166
2090, 0.048531
2091, 0.047704
2092, 0.049667
2093, 0.048494
2094, 0.049706
2095, 0.048339
2096, 0.048348
2097, 0.049238
2098, 0.048675
2099, 0.04848
2100, 0.048966
2101, 0.049001
2102, 0.04989
2103, 0.049316
2104, 0.050158
2105, 0.050034
2106, 0.049296
2107, 0.048237
2108, 0.049319
2109, 0.0506
2110, 0.0484
2111, 0.050567
2112, 0.048429
2113, 0.049813
2114, 0.050047
2115, 0.048318
2116, 0.049983
2117, 0.050187
2118, 0.048358
2119, 0.049549
2120, 0.050043
2121, 0.051635
2122, 0.050409
2123, 0.04969
2124, 0.050421
2125, 0.048904
2126, 0.048596
2127, 0.049731
2128, 0.049195
2129, 0.050797
2130, 0.049873
2131, 0.049895
2132, 0.05131
2133, 0.05014
2134, 0.04984
2135, 0.048921
2136, 0.050359
2137, 0.052776
2138, 0.049647
2139, 0.04956
2140, 0.051018
2141, 0.05148
2142, 0.049468
2143, 0.05089
2144, 0.050107
2145, 0.050503
2146, 0.049616
2147, 0.050956
2148, 0.050412
2149, 0.050753
2150, 0.050134
2151, 0.05163
2152, 0.05074
2153, 0.053418
2154, 0.052384
2155, 0.050032
2156, 0.05118
2157, 0.051621
2158, 0.051912
2159, 0.051291
2160, 0.051531
2161, 0.050601
2162, 0.052213
2163, 0.050601
2164, 0.052006
2165, 0.05289
2166, 0.050125
2167, 0.052451
2168, 0.05242
2169, 0.051494
2170, 0.053055
2171, 0.052353
2172, 0.050804
2173, 0.050401
2174, 0.0513
2175, 0.05253
2176, 0.05177
2177, 0.051968
2178, 0.051221
2179, 0.05259
2180, 0.052271
2181, 0.052705
2182, 0.053341
2183, 0.051009
2184, 0.052823
2185, 0.052427
2186, 0.053579
2187, 0.053771
2188, 0.05128
2189, 0.052453
2190, 0.051051
2191, 0.052322
2192, 0.053786
2193, 0.052308
2194, 0.053586
2195, 0.053005
2196, 0.052025
2197, 0.053778
2198, 0.052609
2199, 0.054244
2200, 0.051505
2201, 0.053368
2202, 0.052385
2203, 0.05335
2204, 0.052979
2205, 0.05387
2206, 0.054949
2207, 0.051967
2208, 0.05444
2209, 0.054121
2210, 0.053972
2211, 0.055965
2212, 0.052817
2213, 0.053237
2214, 0.053179
2215, 0.053765
2216, 0.052495
2217, 0.052633
2218, 0.054045
2219, 0.053873
2220, 0.054971
2221, 0.053651
2222, 0.053423
2223, 0.053267
2224, 0.054204
2225, 0.054091
2226, 0.053466
2227, 0.054915
2228, 0.054965
2229, 0.053312
2230, 0.054856
2231, 0.054682
2232, 0.053393
2233, 0.054531
2234, 0.054359
2235, 0.057358
2236, 0.056237
2237, 0.055316
2238, 0.054617
2239, 0.054801
2240, 0.05409
2241, 0.055087
2242, 0.055645
2243, 0.0553
2244, 0.055103
2245, 0.054634
2246, 0.056102
2247, 0.054
2248, 0.057525
2249, 0.055498
2250, 0.054914
2251, 0.055313
2252, 0.055447
2253, 0.056819
2254, 0.0565
2255, 0.054798
2256, 0.054658
2257, 0.054862
2258, 0.05616
2259, 0.055673
2260, 0.054771
2261, 0.056492
2262, 0.057445
2263, 0.05709
2264, 0.054637
2265, 0.055796
2266, 0.055851
2267, 0.054869
2268, 0.056426
2269, 0.057565
2270, 0.057203
2271, 0.054941
2272, 0.056263
2273, 0.056027
2274, 0.055147
2275, 0.056544
2276, 0.055316
2277, 0.055328
2278, 0.055633
2279, 0.056864
2280, 0.056158
2281, 0.058256
2282, 0.057745
2283, 0.057273
2284, 0.057053
2285, 0.055941
2286, 0.056883
2287, 0.056523
2288, 0.057188
2289, 0.057229
2290, 0.056296
2291, 0.057063
2292, 0.057365
2293, 0.058333
2294, 0.055922
2295, 0.055978
2296, 0.056795
2297, 0.058918
2298, 0.059392
2299, 0.057087
2300, 0.057701
2301, 0.057376
2302, 0.05785
2303, 0.058452
2304, 0.057781
2305, 0.058225
2306, 0.05778
2307, 0.057343
2308, 0.057095
2309, 0.058013
2310, 0.05727
2311, 0.057986
2312, 0.058691
2313, 0.059543
2314, 0.057643
2315, 0.05889
2316, 0.059883
2317, 0.059531
2318, 0.060471
2319, 0.059372
2320, 0.059891
2321, 0.057325
2322, 0.058159
2323, 0.058321
2324, 0.059966
2325, 0.058462
2326, 0.057832
2327, 0.058999
2328, 0.057891
2329, 0.059322
2330, 0.058663
2331, 0.059474
2332, 0.059977
2333, 0.060289
2334, 0.05952
2335, 0.058594
2336, 0.06006
2337, 0.05921
2338, 0.06096
2339, 0.060674
2340, 0.058628
2341, 0.059767
2342, 0.059712
2343, 0.060524
2344, 0.059984
2345, 0.05943
2346, 0.0592
2347, 0.058537
2348, 0.059184
2349, 0.060218
2350, 0.059163
2351, 0.060376
2352, 0.059787
2353, 0.060345
2354, 0.062089
2355, 0.061093
2356, 0.059883
2357, 0.060317
2358, 0.061615
2359, 0.06072
2360, 0.061013
2361, 0.059674
2362, 0.060496
2363, 0.060738
2364, 0.05952
2365, 0.05977
2366, 0.062161
2367, 0.061759
2368, 0.060928
2369, 0.062988
2370, 0.063552
2371, 0.061143
2372, 0.061317
2373, 0.061306
2374, 0.06216
2375, 0.061205
2376, 0.062465
2377, 0.06018
2378, 0.062469
2379, 0.061609
2380, 0.060555
2381, 0.062925
2382, 0.061001
2383, 0.062125
2384, 0.062923
2385, 0.061798
2386, 0.060923
2387, 0.062766
2388, 0.06106
2389, 0.062945
2390, 0.060283
2391, 0.062426
2392, 0.061866
2393, 0.061849
2394, 0.060566
2395, 0.061385
2396, 0.061215
2397, 0.062605
2398, 0.060972
2399, 0.062814
2400, 0.061784
2401, 0.06158
2402, 0.061976
2403, 0.061256
2404, 0.063574
2405, 0.063084
2406, 0.061863
2407, 0.06283
2408, 0.062625
2409, 0.064779
2410, 0.061873
2411, 0.063092
2412, 0.061717
2413, 0.063316
2414, 0.061935
2415, 0.06206
2416, 0.062587
2417, 0.062934
2418, 0.062142
2419, 0.063185
2420, 0.062448
2421, 0.063408
2422, 0.062914
2423, 0.062746
2424, 0.063333
2425, 0.063122
2426, 0.063269
2427, 0.063411
2428, 0.063459
2429, 0.063748
2430, 0.062643
2431, 0.063244
2432, 0.064166
2433, 0.065046
2434, 0.064335
2435, 0.065187
2436, 0.065206
2437, 0.063207
2438, 0.063623
2439, 0.06461
2440, 0.063564
2441, 0.063845
2442, 0.067162
2443, 0.064994
2444, 0.063862
2445, 0.063886
2446, 0.066539
2447, 0.06571
2448, 0.064644
2449, 0.063954
2450, 0.064017
2451, 0.066537
2452, 0.066165
2453, 0.065803
2454, 0.066665
2455, 0.066368
2456, 0.066412
2457, 0.066502
2458, 0.065445
2459, 0.066941
2460, 0.065947
2461, 0.064586
2462, 0.065762
2463, 0.065462
2464, 0.064378
2465, 0.066385
2466, 0.066149
2467, 0.065477
2468, 0.067106
2469, 0.066134
2470, 0.066709
2471, 0.066409
2472, 0.066307
2473, 0.067369
2474, 0.06656
2475, 0.065728
2476, 0.065844
2477, 0.067363
2478, 0.066617
2479, 0.065442
2480, 0.066765
2481, 0.067393
2482, 0.066424
2483, 0.06544
2484, 0.067934
2485, 0.067854
2486, 0.067813
2487, 0.066645
2488, 0.067858
2489, 0.068034
2490, 0.068288
2491, 0.06825
2492, 0.067647
2493, 0.067334
2494, 0.067852
2495, 0.068375
2496, 0.066521
2497, 0.066279
2498, 0.067542
2499, 0.067116
2500, 0.066441
2501, 0.068014
2502, 0.067747
2503, 0.067809
2504, 0.068048
2505, 0.066556
2506, 0.069132
2507, 0.06811
2508, 0.067301
2509, 0.069159
2510, 0.068855
2511, 0.068816
2512, 0.067311
2513, 0.068503
2514, 0.067211
2515, 0.068488
2516, 0.068339
2517, 0.068027
2518, 0.069707
2519, 0.069686
2520, 0.070601
2521, 0.06746
2522, 0.070072
2523, 0.069016
2524, 0.068982
2525, 0.068133
2526, 0.068568
2527, 0.067917
2528, 0.068643
2529, 0.069049
2530, 0.070353
2531, 0.069363
2532, 0.068303
2533, 0.069302
2534, 0.069801
2535, 0.070811
2536, 0.070716
2537, 0.069532
2538, 0.070468
2539, 0.070563
2540, 0.070117
2541, 0.070658
2542, 0.069588
2543, 0.06896
2544, 0.070945
2545, 0.069383
2546, 0.071061
2547, 0.069118
2548, 0.070963
2549, 0.069053
2550, 0.068707
2551, 0.069504
2552, 0.070267
2553, 0.070347
2554, 0.070652
2555, 0.070434
2556, 0.072156
2557, 0.069838
2558, 0.070048
2559, 0.070506
2560, 0.070909
2561, 0.071792
2562, 0.07138
2563, 0.070293
2564, 0.071107
2565, 0.070951
2566, 0.071309
2567, 0.071276
2568, 0.070175
2569, 0.070247
2570, 0.071047
2571, 0.071355
2572, 0.072696
2573, 0.070108
2574, 0.073292
2575, 0.071807
2576, 0.073929
2577, 0.07164
2578, 0.072081
2579, 0.07132
2580, 0.071834
2581, 0.072564
2582, 0.071504
2583, 0.071022
2584, 0.071083
2585, 0.073099
2586, 0.073085
2587, 0.072228
2588, 0.073178
2589, 0.072321
2590, 0.073492
2591, 0.071851
2592, 0.071208
2593, 0.072807
2594, 0.072948
2595, 0.075274
2596, 0.071329
2597, 0.074024
2598, 0.072072
2599, 0.072017
2600, 0.073165
2601, 0.073082
2602, 0.07273
2603, 0.072264
2604, 0.073342
2605, 0.073257
2606, 0.07351
2607, 0.074566
2608, 0.073334
2609, 0.072306
2610, 0.073551
2611, 0.07453
2612, 0.073394
2613, 0.074794
2614, 0.07355
2615, 0.074707
2616, 0.074183
2617, 0.073797
2618, 0.075919
2619, 0.07363
2620, 0.075424
2621, 0.074083
2622, 0.073366
2623, 0.075251
2624, 0.074106
2625, 0.074095
2626, 0.075669
2627, 0.075946
2628, 0.076036
2629, 0.074199
2630, 0.07444
2631, 0.075777
2632, 0.073287
2633, 0.074806
2634, 0.075171
2635, 0.075158
2636, 0.07453
2637, 0.075918
2638, 0.077202
2639, 0.075048
2640, 0.074845
2641, 0.074155
2642, 0.075699
2643, 0.075288
2644, 0.074429
2645, 0.074253
2646, 0.076056
2647, 0.074004
2648, 0.076568
2649, 0.075028
2650, 0.075616
2651, 0.074978
2652, 0.07626
2653, 0.077056
2654, 0.076244
2655, 0.0762
2656, 0.077818
2657, 0.077314
2658, 0.0762
2659, 0.07583
2660, 0.075684
2661, 0.07664
2662, 0.074958
2663, 0.076102
2664, 0.076517
2665, 0.079046
2666, 0.078456
2667, 0.076834
2668, 0.076779
2669, 0.076587
2670, 0.078028
2671, 0.077852
2672, 0.078326
2673, 0.077686
2674, 0.07862
2675, 0.076876
2676, 0.07749
2677, 0.076353
2678, 0.077599
2679, 0.07754
2680, 0.077463
2681, 0.078624
2682, 0.076731
2683, 0.078321
2684, 0.077961
2685, 0.077535
2686, 0.077856
2687, 0.077908
2688, 0.0777
2689, 0.079176
2690, 0.078137
2691, 0.078292
2692, 0.079359
2693, 0.078177
2694, 0.078524
2695, 0.078436
2696, 0.078433
2697, 0.078471
2698, 0.077891
2699, 0.0807
2700, 0.079866
2701, 0.077746
2702, 0.07851
2703, 0.079287
2704, 0.077465
2705, 0.079105
2706, 0.079571
2707, 0.078095
2708, 0.079118
2709, 0.0802
2710, 0.080713
2711, 0.07958
2712, 0.079951
2713, 0.080856
2714, 0.080269
2715, 0.07868
2716, 0.080331
2717, 0.079681
2718, 0.080281
2719, 0.079011
2720, 0.079045
2721, 0.079099
2722, 0.080121
2723, 0.080002
2724, 0.08079
2725, 0.079885
2726, 0.081127
2727, 0.081562
2728, 0.08025
2729, 0.080133
2730, 0.080698
2731, 0.079493
2732, 0.079961
2733, 0.082275
2734, 0.082239
2735, 0.0796
2736, 0.081114
2737, 0.079842
2738, 0.081256
2739, 0.07982
2740, 0.082383
2741, 0.080135
2742, 0.082534
2743, 0.081729
2744, 0.081096
2745, 0.081551
2746, 0.082001
2747, 0.08066
2748, 0.081216
2749, 0.08169
2750, 0.080556
2751, 0.08317
2752, 0.082356
2753, 0.082074
2754, 0.082386
2755, 0.082478
2756, 0.082961
2757, 0.083315
2758, 0.081242
2759, 0.080793
2760, 0.082081
2761, 0.082833
2762, 0.083024
2763, 0.08126
2764, 0.082002
2765, 0.081164
2766, 0.083083
2767, 0.082495
2768, 0.082643
2769, 0.084041
2770, 0.083248
2771, 0.083001
2772, 0.084396
2773, 0.084146
2774, 0.083248
2775, 0.084412
2776, 0.084035
2777, 0.083348
2778, 0.083815
2779, 0.084074
2780, 0.084537
2781, 0.084602
2782, 0.082943
2783, 0.084212
2784, 0.083687
2785, 0.083731
2786, 0.084977
2787, 0.084188
2788, 0.082754
2789, 0.083732
2790, 0.08269
2791, 0.08386
2792, 0.083554
2793, 0.082837
2794, 0.083885
2795, 0.084342
2796, 0.084794
2797, 0.083148
2798, 0.08328
2799, 0.08559
2800, 0.083493
2801, 0.084315
2802, 0.086876
2803, 0.084728
2804, 0.083454
2805, 0.084948
2806, 0.086251
2807, 0.086459
2808, 0.084459
2809, 0.083932
2810, 0.084845
2811, 0.085562
2812, 0.084436
2813, 0.085677
2814, 0.085468
2815, 0.086524
2816, 0.085641
2817, 0.085402
2818, 0.08639
2819, 0.085401
2820, 0.085093
2821, 0.085812
2822, 0.085768
2823, 0.085026
2824, 0.084558
2825, 0.087055
2826, 0.086754
2827, 0.085278
2828, 0.085777
2829, 0.086226
2830, 0.08666
2831, 0.087999
2832, 0.087241
2833, 0.087187
2834, 0.088759
2835, 0.085539
2836, 0.086745
2837, 0.087901
2838, 0.086675
2839, 0.086228
2840, 0.087465
2841, 0.086764
2842, 0.085955
2843, 0.08746
2844, 0.087389
2845, 0.088629
2846, 0.08721
2847, 0.08615
2848, 0.088149
2849, 0.087779
2850, 0.087577
2851, 0.086887
2852, 0.088967
2853, 0.086498
2854, 0.087483
2855, 0.088027
2856, 0.089147
2857, 0.087488
2858, 0.088891
2859, 0.087959
2860, 0.088361
2861, 0.08911
2862, 0.087657
2863, 0.088028
2864, 0.088489
2865, 0.088387
2866, 0.088475
2867, 0.088509
2868, 0.08977
2869, 0.087215
2870, 0.089681
2871, 0.087473
2872, 0.089796
2873, 0.088175
2874, 0.087787
2875, 0.090302
2876, 0.088918
2877, 0.088776
2878, 0.089372
2879, 0.089393
2880, 0.087962
2881, 0.089449
2882, 0.089992
2883, 0.088172
2884, 0.089428
2885, 0.089364
2886, 0.088047
2887, 0.08937
2888, 0.090171
2889, 0.089125
2890, 0.092174
2891, 0.090881
2892, 0.089449
2893, 0.092454
2894, 0.090103
2895, 0.090806
2896, 0.090068
2897, 0.08974
2898, 0.090424
2899, 0.094133
2900, 0.089032
2901, 0.089205
2902, 0.090119
2903, 0.090168
2904, 0.091467
2905, 0.089776
2906, 0.091908
2907, 0.089847
2908, 0.090929
2909, 0.089874
2910, 0.090252
2911, 0.089789
2912, 0.092516
2913, 0.09081
2914, 0.090979
2915, 0.090245
2916, 0.091101
2917, 0.090354
2918, 0.091379
2919, 0.091521
2920, 0.091777
2921, 0.090328
2922, 0.090798
2923, 0.090703
2924, 0.091797
2925, 0.092908
2926, 0.092245
2927, 0.091043
2928, 0.090884
2929, 0.092464
2930, 0.092356
2931, 0.092127
2932, 0.093467
2933, 0.092607
2934, 0.092665
2935, 0.091534
2936, 0.091053
2937, 0.091219
2938, 0.092685
2939, 0.092399
2940, 0.091628
2941, 0.091347
2942, 0.092046
2943, 0.092567
2944, 0.091807
2945, 0.092022
2946, 0.094527
2947, 0.093457
2948, 0.092711
2949, 0.094604
2950, 0.093624
2951, 0.095251
2952, 0.094846
2953, 0.094886
2954, 0.092809
2955, 0.092195
2956, 0.093582
2957, 0.093828
2958, 0.093937
2959, 0.095259
2960, 0.092971
2961, 0.09301
2962, 0.095703
2963, 0.095633
2964, 0.094275
2965, 0.093945
2966, 0.0948
2967, 0.094468
2968, 0.095669
2969, 0.094839
2970, 0.093359
2971, 0.093775
2972, 0.095205
2973, 0.095792
2974, 0.093803
2975, 0.094885
2976, 0.094312
2977, 0.096001
2978, 0.09537
2979, 0.096697
2980, 0.095035
2981, 0.09535
2982, 0.09549
2983, 0.094258
2984, 0.095417
2985, 0.09619
2986, 0.095001
2987, 0.095699
2988, 0.097426
2989, 0.09616
2990, 0.097357
2991, 0.096203
2992, 0.097006
2993, 0.095013
2994, 0.096272
2995, 0.095889
2996, 0.096483
2997, 0.095201
2998, 0.096198
2999, 0.096658
3000, 0.098059
3001, 0.097871
3002, 0.097646
3003, 0.095082
3004, 0.097305
3005, 0.098273
3006, 0.097927
3007, 0.097769
3008, 0.112069
3009, 0.095751
3010, 0.095677
3011, 0.09706
3012, 0.096642
3013, 0.095858
3014, 0.097709
3015, 0.098337
3016, 0.101301
3017, 0.098116
3018, 0.098148
3019, 0.097333
3020, 0.099301
3021, 0.097017
3022, 0.099626
3023, 0.098573
3024, 0.097718
3025, 0.099415
3026, 0.10035
3027, 0.100058
3028, 0.09997
3029, 0.101497
3030, 0.100403
3031, 0.09879
3032, 0.099142
3033, 0.100278
3034, 0.10095
3035, 0.101142
3036, 0.100197
3037, 0.099795
3038, 0.098582
3039, 0.099254
3040, 0.10057
3041, 0.098949
3042, 0.099985
3043, 0.100185
3044, 0.098878
3045, 0.10089
3046, 0.098426
3047, 0.099295
3048, 0.100198
3049, 0.099612
3050, 0.100532
3051, 0.10037
3052, 0.100594
3053, 0.099433
3054, 0.100589
3055, 0.102638
3056, 0.101922
3057, 0.102547
3058, 0.101968
3059, 0.100913
3060, 0.102142
3061, 0.099948
3062, 0.101283
3063, 0.100272
3064, 0.102693
3065, 0.101152
3066, 0.101899
3067, 0.101543
3068, 0.101781
3069, 0.103581
3070, 0.103605
3071, 0.103232
3072, 0.102763
3073, 0.103684
3074, 0.102917
3075, 0.103178
3076, 0.105338
3077, 0.103415
3078, 0.104574
3079, 0.104073
3080, 0.102353
3081, 0.103483
3082, 0.102207
3083, 0.103848
3084, 0.102806
3085, 0.103775
3086, 0.102233
3087, 0.104169
3088, 0.103479
3089, 0.104665
3090, 0.102259
3091, 0.103522
3092, 0.105304
3093, 0.102179
3094, 0.103854
3095, 0.10402
3096, 0.102929
3097, 0.102545
3098, 0.10323
3099, 0.105394
3100, 0.104332
3101, 0.105426
3102, 0.103958
3103, 0.104305
3104, 0.104807
3105, 0.104671
3106, 0.104593
3107, 0.105035
3108, 0.104637
3109, 0.103764
3110, 0.104755
3111, 0.105969
3112, 0.104777
3113, 0.104691
3114, 0.104962
3115, 0.106521
3116, 0.105749
3117, 0.104552
3118, 0.103748
3119, 0.105107
3120, 0.108393
3121, 0.104191
3122, 0.103803
3123, 0.104245
3124, 0.105563
3125, 0.105406
3126, 0.106661
3127, 0.10711
3128, 0.106212
3129, 0.105433
3130, 0.106381
3131, 0.105212
3132, 0.106246
3133, 0.105381
3134, 0.10825
3135, 0.106208
3136, 0.107826
3137, 0.104991
3138, 0.106576
3139, 0.105257
3140, 0.107504
3141, 0.107608
3142, 0.107781
3143, 0.106877
3144, 0.107024
3145, 0.106798
3146, 0.108796
3147, 0.106223
3148, 0.106424
3149, 0.106498
3150, 0.108338
3151, 0.106784
3152, 0.107715
3153, 0.106233
3154, 0.106707
3155, 0.107728
3156, 0.107614
3157, 0.107644
3158, 0.108649
3159, 0.107761
3160, 0.108249
3161, 0.109175
3162, 0.108407
3163, 0.10717
3164, 0.107987
3165, 0.108332
3166, 0.108041
3167, 0.108202
3168, 0.108226
3169, 0.108239
3170, 0.107358
3171, 0.107144
3172, 0.107309
3173, 0.108117
3174, 0.109922
3175, 0.109142
3176, 0.10906
3177, 0.107795
3178, 0.109173
3179, 0.109527
3180, 0.108448
3181, 0.110613
3182, 0.108154
3183, 0.109325
3184, 0.10942
3185, 0.108084
3186, 0.109708
3187, 0.108365
3188, 0.110519
3189, 0.109443
3190, 0.110721
3191, 0.109911
3192, 0.110226
3193, 0.108777
3194, 0.109046
3195, 0.111603
3196, 0.11017
3197, 0.110703
3198, 0.110335
3199, 0.109779
3200, 0.11036
3201, 0.111399
3202, 0.110346
3203, 0.112637
3204, 0.109887
3205, 0.108965
3206, 0.110882
3207, 0.110293
3208, 0.109624
3209, 0.109562
3210, 0.111492
3211, 0.110261
3212, 0.112122
3213, 0.109946
3214, 0.111108
3215, 0.111528
3216, 0.111999
3217, 0.111558
3218, 0.109671
3219, 0.109681
3220, 0.111515
3221, 0.111368
3222, 0.111819
3223, 0.112029
3224, 0.111814
3225, 0.111157
3226, 0.113207
3227, 0.113842
3228, 0.111287
3229, 0.112417
3230, 0.11107
3231, 0.111381
3232, 0.11115
3233, 0.111667
3234, 0.11126
3235, 0.1137
3236, 0.113318
3237, 0.112965
3238, 0.112936
3239, 0.113075
3240, 0.113055
3241, 0.112809
3242, 0.113514
3243, 0.11353
3244, 0.113553
3245, 0.113634
3246, 0.112571
3247, 0.113564
3248, 0.113307
3249, 0.112163
3250, 0.114703
3251, 0.113465
3252, 0.113437
3253, 0.113848
3254, 0.11412
3255, 0.113888
3256, 0.113002
3257, 0.11341
3258, 0.114935
3259, 0.115607
3260, 0.113836
3261, 0.114574
3262, 0.115396
3263, 0.113401
3264, 0.115911
3265, 0.114902
3266, 0.11441
3267, 0.113677
3268, 0.116189
3269, 0.116353
3270, 0.114128
3271, 0.116097
3272, 0.115395
3273, 0.114685
3274, 0.116185
3275, 0.116215
3276, 0.116241
3277, 0.117966
3278, 0.114607
3279, 0.115801
3280, 0.115162
3281, 0.114776
3282, 0.116172
3283, 0.116204
3284, 0.118187
3285, 0.114809
3286, 0.116574
3287, 0.117112
3288, 0.117234
3289, 0.116479
3290, 0.117167
3291, 0.115952
3292, 0.115965
3293, 0.115463
3294, 0.115328
3295, 0.115736
3296, 0.116536
3297, 0.116184
3298, 0.117688
3299, 0.115662
3300, 0.117065
3301, 0.116408
3302, 0.116212
3303, 0.117681
3304, 0.118076
3305, 0.117765
3306, 0.119489
3307, 0.119442
3308, 0.119015
3309, 0.118966
3310, 0.118157
3311, 0.117131
3312, 0.116606
3313, 0.11689
3314, 0.118156
3315, 0.117917
3316, 0.117083
3317, 0.118064
3318, 0.118713
3319, 0.117327
3320, 0.118549
3321, 0.118129
3322, 0.118628
3323, 0.119776
3324, 0.119715
3325, 0.119027
3326, 0.11892
3327, 0.118912
3328, 0.120779
3329, 0.119113
3330, 0.119319
3331, 0.121145
3332, 0.119495
3333, 0.117724
3334, 0.120158
3335, 0.121636
3336, 0.119559
3337, 0.12148
3338, 0.121509
3339, 0.120424
3340, 0.120006
3341, 0.120573
3342, 0.122261
3343, 0.120543
3344, 0.120362
3345, 0.119352
3346, 0.120312
3347, 0.123365
3348, 0.120379
3349, 0.12147
3350, 0.121241
3351, 0.122498
3352, 0.120961
3353, 0.122349
3354, 0.122915
3355, 0.12187
3356, 0.12359
3357, 0.123105
3358, 0.122167
3359, 0.122448
3360, 0.121377
3361, 0.120965
3362, 0.120869
3363, 0.121331
3364, 0.121532
3365, 0.121273
3366, 0.12316
3367, 0.122787
3368, 0.123992
3369, 0.124093
3370, 0.122478
3371, 0.122586
3372, 0.123774
3373, 0.121782
3374, 0.124478
3375, 0.122662
3376, 0.123675
3377, 0.122253
3378, 0.12432
3379, 0.120925
3380, 0.1218
3381, 0.121663
3382, 0.123115
3383, 0.123912
3384, 0.125968
3385, 0.132363
3386, 0.126675
3387, 0.124547
3388, 0.127225
3389, 0.124851
3390, 0.135045
3391, 0.122918
3392, 0.123862
3393, 0.12432
3394, 0.125835
3395, 0.122752
3396, 0.122474
3397, 0.122701
3398, 0.124309
3399, 0.123633
3400, 0.126034
3401, 0.123501
3402, 0.125021
3403, 0.123976
3404, 0.123962
3405, 0.126171
3406, 0.124379
3407, 0.124509
3408, 0.123984
3409, 0.125406
3410, 0.125421
3411, 0.123574
3412, 0.124321
3413, 0.123725
3414, 0.125595
3415, 0.125501
3416, 0.124314
3417, 0.125317
3418, 0.125864
3419, 0.126276
3420, 0.125356
3421, 0.125157
3422, 0.124915
3423, 0.126157
3424, 0.126362
3425, 0.126721
3426, 0.124391
3427, 0.125491
3428, 0.126571
3429, 0.126537
3430, 0.125401
3431, 0.12627
3432, 0.126774
3433, 0.125992
3434, 0.127499
3435, 0.127808
3436, 0.126359
3437, 0.126424
3438, 0.126641
3439, 0.127279
3440, 0.12677
3441, 0.12754
3442, 0.125657
3443, 0.126803
3444, 0.126843
3445, 0.126364
3446, 0.12642
3447, 0.127748
3448, 0.128578
3449, 0.128046
3450, 0.128481
3451, 0.127617
3452, 0.129146
3453, 0.128467
3454, 0.128334
3455, 0.126715
3456, 0.129344
3457, 0.129046
3458, 0.127121
3459, 0.128664
3460, 0.127099
3461, 0.128993
3462, 0.12892
3463, 0.127504
3464, 0.13076
3465, 0.128656
3466, 0.130178
3467, 0.130307
3468, 0.128768
3469, 0.130764
3470, 0.128801
3471, 0.128644
3472, 0.128559
3473, 0.131893
3474, 0.131018
3475, 0.129992
3476, 0.130095
3477, 0.130045
3478, 0.131334
3479, 0.130729
3480, 0.13109
3481, 0.13094
3482, 0.130884
3483, 0.132133
3484, 0.13003
3485, 0.131221
3486, 0.131955
3487, 0.131445
3488, 0.130549
3489, 0.130976
3490, 0.130436
3491, 0.130376
3492, 0.129369
3493, 0.130344
3494, 0.12968
3495, 0.131494
3496, 0.130881
3497, 0.13243
3498, 0.133282
3499, 0.132579
3500, 0.132023
3501, 0.130031
3502, 0.129976
3503, 0.132338
3504, 0.130416
3505, 0.1303
3506, 0.131383
3507, 0.132218
3508, 0.130949
3509, 0.129968
3510, 0.132668
3511, 0.132011
3512, 0.132441
3513, 0.134363
3514, 0.133337
3515, 0.133633
3516, 0.133557
3517, 0.134468
3518, 0.13139
3519, 0.132666
3520, 0.131643
3521, 0.132011
3522, 0.133455
3523, 0.133186
3524, 0.133973
3525, 0.134167
3526, 0.133533
3527, 0.133615
3528, 0.13268
3529, 0.135142
3530, 0.133975
3531, 0.134097
3532, 0.133943
3533, 0.136648
3534, 0.134552
3535, 0.135385
3536, 0.13632
3537, 0.134073
3538, 0.135358
3539, 0.133358
3540, 0.133502
3541, 0.134819
3542, 0.134292
3543, 0.135057
3544, 0.136521
3545, 0.137346
3546, 0.135581
3547, 0.137048
3548, 0.134383
3549, 0.134549
3550, 0.135429
3551, 0.135953
3552, 0.135918
3553, 0.139596
3554, 0.135974
3555, 0.134977
3556, 0.135059
3557, 0.136927
3558, 0.136159
3559, 0.136508
3560, 0.137512
3561, 0.137831
3562, 0.135811
3563, 0.13574
3564, 0.137722
3565, 0.138462
3566, 0.135332
3567, 0.13577
3568, 0.13701
3569, 0.136364
3570, 0.13604
3571, 0.137645
3572, 0.139104
3573, 0.138072
3574, 0.136154
3575, 0.137136
3576, 0.13726
3577, 0.13913
3578, 0.137085
3579, 0.138422
3580, 0.138146
3581, 0.137722
3582, 0.137203
3583, 0.136772
3584, 0.136696
3585, 0.13841
3586, 0.138619
3587, 0.13887
3588, 0.137022
3589, 0.137536
3590, 0.138445
3591, 0.138016
3592, 0.137458
3593, 0.137222
3594, 0.139338
3595, 0.139216
3596, 0.14004
3597, 0.139755
3598, 0.139093
3599, 0.138223
3600, 0.137311
3601, 0.137977
3602, 0.13808
3603, 0.138286
3604, 0.137854
3605, 0.140593
3606, 0.140352
3607, 0.141502
3608, 0.139874
3609, 0.138219
3610, 0.139176
3611, 0.139735
3612, 0.139011
3613, 0.139649
3614, 0.138672
3615, 0.139179
3616, 0.140739
3617, 0.139569
3618, 0.139566
3619, 0.140971
3620, 0.139369
3621, 0.139355
3622, 0.140671
3623, 0.141743
3624, 0.143994
3625, 0.14164
3626, 0.143633
3627, 0.142055
3628, 0.141719
3629, 0.142913
3630, 0.140212
3631, 0.141583
3632, 0.140165
3633, 0.141432
3634, 0.141943
3635, 0.144168
3636, 0.140622
3637, 0.14061
3638, 0.142647
3639, 0.142711
3640, 0.146255
3641, 0.14192
3642, 0.143891
3643, 0.144624
3644, 0.142755
3645, 0.143541
3646, 0.142809
3647, 0.145166
3648, 0.143026
3649, 0.142069
3650, 0.142035
3651, 0.142897
3652, 0.142801
3653, 0.143068
3654, 0.143348
3655, 0.141919
3656, 0.142624
3657, 0.143677
3658, 0.142711
3659, 0.143188
3660, 0.144307
3661, 0.143468
3662, 0.144325
3663, 0.143579
3664, 0.142987
3665, 0.144176
3666, 0.144205
3667, 0.145475
3668, 0.143797
3669, 0.146138
3670, 0.144364
3671, 0.14454
3672, 0.146302
3673, 0.143437
3674, 0.145373
3675, 0.145162
3676, 0.146136
3677, 0.143853
3678, 0.143344
3679, 0.143693
3680, 0.14412
3681, 0.14467
3682, 0.149239
3683, 0.145609
3684, 0.147245
3685, 0.14581
3686, 0.145122
3687, 0.147302
3688, 0.144915
3689, 0.144781
3690, 0.146687
3691, 0.147881
3692, 0.145854
3693, 0.148802
3694, 0.146155
3695, 0.146431
3696, 0.14612
3697, 0.148201
3698, 0.145142
3699, 0.146822
3700, 0.151984
3701, 0.14614
3702, 0.146904
3703, 0.147104
3704, 0.148871
3705, 0.147438
3706, 0.148108
3707, 0.150347
3708, 0.148056
3709, 0.147993
3710, 0.146168
3711, 0.147788
3712, 0.14794
3713, 0.146513
3714, 0.147744
3715, 0.147708
3716, 0.148165
3717, 0.148006
3718, 0.14785
3719, 0.147732
3720, 0.147409
3721, 0.150556
3722, 0.150963
3723, 0.150789
3724, 0.149336
3725, 0.149982
3726, 0.149412
3727, 0.151492
3728, 0.150499
3729, 0.150537
3730, 0.149452
3731, 0.150055
3732, 0.148758
3733, 0.149886
3734, 0.149417
3735, 0.151951
3736, 0.150492
3737, 0.148342
3738, 0.151935
3739, 0.150649
3740, 0.14929
3741, 0.152243
3742, 0.152471
3743, 0.15077
3744, 0.150221
3745, 0.150982
3746, 0.151963
3747, 0.150407
3748, 0.150617
3749, 0.14922
3750, 0.15217
3751, 0.151414
3752, 0.151417
3753, 0.150164
3754, 0.151858
3755, 0.152123
3756, 0.152447
3757, 0.151015
3758, 0.154113
3759, 0.151548
3760, 0.150802
3761, 0.153199
3762, 0.151977
3763, 0.152098
3764, 0.150693
3765, 0.152774
3766, 0.151663
3767, 0.15374
3768, 0.152697
3769, 0.152734
3770, 0.15236
3771, 0.152829
3772, 0.15464
3773, 0.152574
3774, 0.154741
3775, 0.1532
3776, 0.153571
3777, 0.15514
3778, 0.151996
3779, 0.152974
3780, 0.154368
3781, 0.153511
3782, 0.154112
3783, 0.153658
3784, 0.155782
3785, 0.15701
3786, 0.157172
3787, 0.154771
3788, 0.156685
3789, 0.154119
3790, 0.15499
3791, 0.155494
3792, 0.156107
3793, 0.157017
3794, 0.15511
3795, 0.154518
3796, 0.153129
3797, 0.155976
3798, 0.156472
3799, 0.155235
3800, 0.154127
3801, 0.156243
3802, 0.157698
3803, 0.156158
3804, 0.156004
3805, 0.156941
3806, 0.156792
3807, 0.156653
3808, 0.154391
3809, 0.157251
3810, 0.15687
3811, 0.155754
3812, 0.155568
3813, 0.1563
3814, 0.154773
3815, 0.157102
3816, 0.15636
3817, 0.158314
3818, 0.157629
3819, 0.156597
3820, 0.157039
3821, 0.158816
3822, 0.158087
3823, 0.156917
3824, 0.157341
3825, 0.158641
3826, 0.160874
3827, 0.157178
3828, 0.157037
3829, 0.158281
3830, 0.155932
3831, 0.157929
3832, 0.158372
3833, 0.156398
3834, 0.157259
3835, 0.157982
3836, 0.159794
3837, 0.160144
3838, 0.158465
3839, 0.158024
3840, 0.16181
3841, 0.160964
3842, 0.159951
3843, 0.157959
3844, 0.159092
3845, 0.161226
3846, 0.157768
3847, 0.160875
3848, 0.161153
3849, 0.160582
3850, 0.159231
3851, 0.158556
3852, 0.161038
3853, 0.15891
3854, 0.157992
3855, 0.161394
3856, 0.1594
3857, 0.15825
3858, 0.159863
3859, 0.163067
3860, 0.161842
3861, 0.161998
3862, 0.160307
3863, 0.159051
3864, 0.161285
3865, 0.160106
3866, 0.16077
3867, 0.162439
3868, 0.160263
3869, 0.162006
3870, 0.161285
3871, 0.160683
3872, 0.160908
3873, 0.159356
3874, 0.159574
3875, 0.160699
3876, 0.16044
3877, 0.162463
3878, 0.160409
3879, 0.160901
3880, 0.160892
3881, 0.161175
3882, 0.161897
3883, 0.16603
3884, 0.16119
3885, 0.163864
3886, 0.161982
3887, 0.161069
3888, 0.162114
3889, 0.162163
3890, 0.162143
3891, 0.163864
3892, 0.162575
3893, 0.163167
3894, 0.162738
3895, 0.161979
3896, 0.163794
3897, 0.162305
3898, 0.164275
3899, 0.164845
3900, 0.165043
3901, 0.166664
3902, 0.163772
3903, 0.163541
3904, 0.164598
3905, 0.164051
3906, 0.16284
3907, 0.164509
3908, 0.163004
3909, 0.163472
3910, 0.165916
3911, 0.163552
3912, 0.165538
3913, 0.166503
3914, 0.166226
3915, 0.166015
3916, 0.165649
3917, 0.167252
3918, 0.166291
3919, 0.164126
3920, 0.165635
3921, 0.165531
3922, 0.164689
3923, 0.168383
3924, 0.164686
3925, 0.163438
3926, 0.165821
3927, 0.166447
3928, 0.165257
3929, 0.165053
3930, 0.167299
3931, 0.168256
3932, 0.167345
3933, 0.166683
3934, 0.165895
3935, 0.165051
3936, 0.167399
3937, 0.168774
3938, 0.165154
3939, 0.169127
